id,first_name,last_name,email,gender,ip_address
1,Georgy,Benford,gbenford0@tmall.com,Agender,2.78.145.210
2,Luci,Rantoul,lrantoul1@creativecommons.org,Female,216.59.102.179
3,Blanche,Ells,bells2@ox.ac.uk,Female,75.223.56.159
4,Kathy,Perrins,kperrins3@adobe.com,Female,241.78.149.86
5,Eliot,Bilsborrow,ebilsborrow4@oakley.com,Male,165.0.162.64
6,Vita,Sedgeman,vsedgeman5@woothemes.com,Female,106.106.53.36
7,Julita,Geraldi,jgeraldi6@tmall.com,Female,110.63.88.145
8,Belvia,Lief,blief7@vinaora.com,Female,140.174.161.168
9,Felicio,Yegorkin,fyegorkin8@indiatimes.com,Male,139.52.94.126
10,Spense,Guerrieri,sguerrieri9@posterous.com,Male,191.111.63.118
11,Hendrick,Massenhove,hmassenhovea@ted.com,Male,144.223.36.48
12,Waiter,McArthur,wmcarthurb@usda.gov,Male,101.191.27.219
13,Dewain,Ovitz,dovitzc@google.de,Male,196.158.240.56
14,Sholom,Barbery,sbarberyd@feedburner.com,Male,70.64.157.168
15,Trenna,Scowen,tscowene@soundcloud.com,Female,17.228.3.220
16,Yolande,Danne,ydannef@ow.ly,Female,20.148.49.153
17,Clerc,Elliss,cellissg@wikimedia.org,Male,113.59.214.107
18,Wilfred,Kamenar,wkamenarh@un.org,Male,102.69.18.174
19,Joy,O' Borne,jobornei@sphinn.com,Genderfluid,223.216.248.46
20,Traver,McSaul,tmcsaulj@topsy.com,Male,185.82.137.76
21,Emmeline,Garden,egardenk@goodreads.com,Female,243.22.129.48
22,Kellina,Scotchbourouge,kscotchbourougel@adobe.com,Agender,94.68.191.243
23,Franciskus,Presman,fpresmanm@state.gov,Male,58.103.85.136
24,Eimile,Blucher,ebluchern@posterous.com,Female,250.223.167.44
25,Luther,Rumford,lrumfordo@wix.com,Male,103.77.23.192
26,Nessa,Cotelard,ncotelardp@imgur.com,Female,197.231.129.168
27,Rupert,Clotworthy,rclotworthyq@imgur.com,Male,162.13.186.1
28,Dwayne,Malinson,dmalinsonr@squarespace.com,Male,187.36.61.133
29,Claudius,Larver,clarvers@tiny.cc,Male,115.41.125.65
30,Gerald,Schultz,gschultzt@yellowpages.com,Male,75.143.180.80
31,Kellie,Doonican,kdoonicanu@parallels.com,Polygender,214.123.84.148
32,Kerk,Whale,kwhalev@imdb.com,Male,70.138.67.60
33,Levon,Kershaw,lkershaww@domainmarket.com,Male,63.174.1.71
34,Nina,Vaney,nvaneyx@webs.com,Female,180.144.158.223
35,Burgess,Shilstone,bshilstoney@dailymail.co.uk,Male,180.206.0.50
36,Dukey,Davidovicz,ddavidoviczz@salon.com,Male,193.31.35.187
37,Ertha,Relfe,erelfe10@bizjournals.com,Female,159.247.162.245
38,Thorstein,Swaffer,tswaffer11@biglobe.ne.jp,Male,188.116.176.214
39,Georgena,Bysaker,gbysaker12@dailymotion.com,Bigender,239.217.26.102
40,Dov,Cresser,dcresser13@ovh.net,Male,106.233.43.62
41,Christophe,Jurisic,cjurisic14@vistaprint.com,Male,1.181.243.28
42,Frankie,Hordle,fhordle15@engadget.com,Female,37.48.75.107
43,Farleigh,Lorey,florey16@canalblog.com,Male,43.179.61.253
44,Stormy,Bram,sbram17@paypal.com,Female,159.54.240.197
45,Field,Naulls,fnaulls18@wunderground.com,Male,157.60.157.147
46,North,Eskell,neskell19@spiegel.de,Male,28.151.107.39
47,Bendicty,Hill,bhill1a@aboutads.info,Male,111.173.233.115
48,Martita,Szach,mszach1b@hibu.com,Female,69.101.131.0
49,Raddy,Schust,rschust1c@senate.gov,Male,239.179.180.16
50,Lonnie,Hickisson,lhickisson1d@amazon.de,Male,250.116.136.211
51,Beauregard,Paty,bpaty1e@acquirethisname.com,Male,6.68.93.22
52,Matilda,Barford,mbarford1f@webs.com,Non-binary,167.8.55.159
53,Spenser,Martinovsky,smartinovsky1g@ft.com,Male,23.142.216.12
54,Renell,Conyer,rconyer1h@yellowbook.com,Female,136.139.127.43
55,Wandie,Roxbee,wroxbee1i@whitehouse.gov,Female,249.86.28.57
56,Herb,Huckabe,hhuckabe1j@gravatar.com,Male,86.38.164.165
57,Laurice,Fierro,lfierro1k@google.it,Female,62.216.152.155
58,Ursala,Crandon,ucrandon1l@chronoengine.com,Female,26.89.144.196
59,Milo,Mundall,mmundall1m@flickr.com,Male,251.65.200.151
60,Clarke,Jakeman,cjakeman1n@nature.com,Male,198.216.122.221
61,Dickie,Daffern,ddaffern1o@baidu.com,Male,233.190.50.28
62,Nerissa,Astin,nastin1p@fc2.com,Female,81.115.32.163
63,Tessa,Toffanini,ttoffanini1q@clickbank.net,Female,112.71.83.16
64,Menard,Eastabrook,meastabrook1r@symantec.com,Male,200.72.27.126
65,Zak,Crippill,zcrippill1s@rediff.com,Male,223.114.133.127
66,Frasier,Skotcher,fskotcher1t@time.com,Non-binary,67.128.20.118
67,Mack,Morrott,mmorrott1u@pinterest.com,Male,13.85.129.219
68,Sibeal,Housen,shousen1v@latimes.com,Female,238.52.99.32
69,Nert,Whitfield,nwhitfield1w@clickbank.net,Polygender,146.236.186.251
70,Garrott,Tracy,gtracy1x@who.int,Bigender,72.97.198.67
71,Dodi,Erni,derni1y@ca.gov,Female,165.39.215.122
72,Freddy,Skurray,fskurray1z@behance.net,Male,119.104.162.99
73,Angelia,Secker,asecker20@craigslist.org,Genderfluid,157.249.72.163
74,Baird,Wellsman,bwellsman21@psu.edu,Male,0.233.226.158
75,Herc,Southern,hsouthern22@edublogs.org,Male,10.192.123.37
76,Graeme,Feldbaum,gfeldbaum23@yolasite.com,Bigender,181.19.186.79
77,Gweneth,Stinchcombe,gstinchcombe24@i2i.jp,Female,88.26.68.157
78,Britteny,Handrock,bhandrock25@google.com.hk,Female,190.11.210.55
79,Hanan,Amberger,hamberger26@loc.gov,Genderfluid,247.219.31.100
80,Carlyle,Cabedo,ccabedo27@spiegel.de,Male,45.87.22.157
81,Taddeo,Szimon,tszimon28@psu.edu,Male,254.200.210.125
82,D'arcy,Abele,dabele29@1688.com,Male,168.64.148.98
83,Irwin,Southerill,isoutherill2a@hao123.com,Male,244.179.78.134
84,Callean,Ind,cind2b@nbcnews.com,Male,97.166.181.137
85,Deloria,Goly,dgoly2c@tmall.com,Female,45.15.136.149
86,Dion,Joney,djoney2d@newsvine.com,Male,81.179.104.123
87,Victoir,Casper,vcasper2e@blogspot.com,Male,79.204.5.2
88,Nye,Esp,nesp2f@gmpg.org,Male,196.227.188.44
89,Fern,Stanlick,fstanlick2g@wikia.com,Female,250.253.27.197
90,Dinny,Semiras,dsemiras2h@nytimes.com,Female,246.27.33.10
91,Briano,Pettipher,bpettipher2i@wisc.edu,Bigender,212.163.200.225
92,Melamie,Baldacchino,mbaldacchino2j@etsy.com,Female,175.129.221.68
93,Alfons,Pagin,apagin2k@prlog.org,Male,101.247.25.121
94,Alix,Choupin,achoupin2l@surveymonkey.com,Female,110.111.245.219
95,Tripp,Stowell,tstowell2m@gov.uk,Male,216.25.43.83
96,Osgood,Staneland,ostaneland2n@jugem.jp,Male,125.149.92.92
97,Claudianus,Elizabeth,celizabeth2o@senate.gov,Male,56.12.114.84
98,Dasya,Aujouanet,daujouanet2p@webeden.co.uk,Female,146.93.112.154
99,Teador,Padilla,tpadilla2q@china.com.cn,Male,179.147.42.110
100,Gaspard,de Quincey,gdequincey2r@boston.com,Male,61.67.244.121
101,Dunc,Fass,dfass2s@w3.org,Male,22.35.182.173
102,Emmalyn,Phelit,ephelit2t@omniture.com,Female,79.189.160.53
103,Allie,De Giorgio,adegiorgio2u@wikimedia.org,Agender,65.253.43.239
104,Vivien,Gilburt,vgilburt2v@state.gov,Female,43.31.111.227
105,Nestor,Poynzer,npoynzer2w@xinhuanet.com,Male,185.173.138.28
106,Lazaro,Maxwale,lmaxwale2x@ca.gov,Male,206.193.70.19
107,Allix,Espinet,aespinet2y@nasa.gov,Female,123.169.27.36
108,Matt,Ritchings,mritchings2z@deviantart.com,Male,135.175.58.235
109,Donnie,Giovanizio,dgiovanizio30@furl.net,Polygender,238.113.30.111
110,Carie,Ledbury,cledbury31@rediff.com,Polygender,138.194.239.203
111,Madella,Moreinu,mmoreinu32@yellowpages.com,Female,211.23.52.216
112,Vivianne,Mossop,vmossop33@google.ca,Female,252.70.101.63
113,Errol,Pinkard,epinkard34@blogspot.com,Male,246.252.239.144
114,Nevins,Favill,nfavill35@sourceforge.net,Male,58.70.185.250
115,Arny,Gracewood,agracewood36@earthlink.net,Male,60.155.53.98
116,Misty,Coghill,mcoghill37@cargocollective.com,Female,92.209.248.63
117,Ferdy,Mardee,fmardee38@google.com.br,Male,184.94.157.153
118,Tan,Mathis,tmathis39@scribd.com,Male,164.251.233.159
119,Elga,Hugenin,ehugenin3a@booking.com,Polygender,39.90.196.129
120,Beverley,Tressler,btressler3b@geocities.jp,Female,180.127.14.106
121,Loralyn,Blamey,lblamey3c@census.gov,Agender,103.74.91.6
122,Sholom,Ibanez,sibanez3d@freewebs.com,Male,247.97.70.111
123,Kerr,Metcalf,kmetcalf3e@google.es,Male,211.101.17.155
124,Lucho,Romagosa,lromagosa3f@sfgate.com,Male,18.183.115.248
125,Carleen,McGinty,cmcginty3g@wikia.com,Female,67.203.215.140
126,Eudora,Vanelli,evanelli3h@livejournal.com,Female,101.50.47.157
127,Marin,Peplay,mpeplay3i@google.com.br,Agender,164.28.2.80
128,Carrie,Dur,cdur3j@nydailynews.com,Female,5.38.156.104
129,Olvan,Spier,ospier3k@discovery.com,Male,90.107.110.62
130,Jae,Fackney,jfackney3l@opensource.org,Male,64.112.58.151
131,Fay,Sibthorpe,fsibthorpe3m@bloomberg.com,Female,132.198.38.82
132,Woodrow,Naire,wnaire3n@telegraph.co.uk,Male,109.17.63.197
133,Winslow,Lebang,wlebang3o@discuz.net,Male,45.147.146.22
134,Florrie,Novic,fnovic3p@cnet.com,Female,20.85.189.130
135,Tonye,Jakeman,tjakeman3q@usnews.com,Female,62.160.42.39
136,Reinaldo,Southeran,rsoutheran3r@ed.gov,Male,84.44.69.21
137,Maribelle,Gorger,mgorger3s@narod.ru,Female,172.198.70.185
138,Brien,Folder,bfolder3t@unicef.org,Male,225.197.110.183
139,Charmain,Ravilious,cravilious3u@bing.com,Female,43.170.57.248
140,Bernita,Cadlock,bcadlock3v@earthlink.net,Female,38.77.64.217
141,Gaby,Altimas,galtimas3w@craigslist.org,Male,52.105.78.124
142,Helena,Wayland,hwayland3x@ftc.gov,Female,26.205.95.230
143,Griff,Brendel,gbrendel3y@indiatimes.com,Male,238.46.214.42
144,Yancey,Delort,ydelort3z@craigslist.org,Male,177.153.158.181
145,Shalne,Atherton,satherton40@fda.gov,Female,104.239.69.20
146,Valaree,Lipmann,vlipmann41@ucoz.ru,Female,197.89.12.129
147,Vi,Fetter,vfetter42@studiopress.com,Female,107.130.85.34
148,Parker,Thiolier,pthiolier43@tuttocitta.it,Male,7.184.104.239
149,Stewart,Gorwood,sgorwood44@pbs.org,Male,45.142.232.146
150,Nicoline,Gammack,ngammack45@vk.com,Female,246.223.86.204
151,Griffie,Senton,gsenton46@who.int,Male,150.247.42.252
152,Xymenes,Bromell,xbromell47@cyberchimps.com,Male,179.112.53.37
153,Kris,Da Costa,kdacosta48@lycos.com,Female,176.244.128.223
154,Jessalin,Winterbourne,jwinterbourne49@drupal.org,Female,38.212.220.100
155,Alissa,Edlyne,aedlyne4a@sakura.ne.jp,Bigender,134.114.30.246
156,Gradeigh,Spadoni,gspadoni4b@fc2.com,Male,106.208.220.189
157,Vittoria,Pemble,vpemble4c@virginia.edu,Genderqueer,205.130.93.207
158,Ivette,Quittonden,iquittonden4d@twitter.com,Female,176.220.208.231
159,Glori,Lipsett,glipsett4e@cnet.com,Genderfluid,21.106.182.198
160,Antin,Bettley,abettley4f@sciencedaily.com,Male,2.218.178.186
161,Hervey,Weathey,hweathey4g@storify.com,Male,173.174.111.210
162,Sylvan,Clorley,sclorley4h@w3.org,Male,108.52.60.123
163,Sherlock,Sciacovelli,ssciacovelli4i@t.co,Male,221.102.132.146
164,Bartholomew,Darnbrook,bdarnbrook4j@cafepress.com,Bigender,141.90.125.201
165,Davide,Greenhalgh,dgreenhalgh4k@census.gov,Male,193.3.62.183
166,Lisa,Grichukhanov,lgrichukhanov4l@alexa.com,Female,239.73.215.81
167,Lishe,Ivashnikov,livashnikov4m@noaa.gov,Female,136.219.87.48
168,Matthieu,Officer,mofficer4n@wikispaces.com,Male,138.83.81.216
169,Marion,Matzke,mmatzke4o@a8.net,Male,73.148.254.214
170,Lenci,Dain,ldain4p@biglobe.ne.jp,Male,203.63.105.35
171,Elsworth,Storck,estorck4q@time.com,Non-binary,244.162.69.240
172,Geoffry,Mc Gorley,gmcgorley4r@economist.com,Male,92.0.17.137
173,Nona,Boydle,nboydle4s@amazon.co.uk,Female,71.48.201.226
174,Consalve,Maryon,cmaryon4t@msn.com,Male,11.209.93.202
175,Zulema,Haggata,zhaggata4u@epa.gov,Female,90.196.105.13
176,Flin,Gerard,fgerard4v@cdbaby.com,Male,234.243.240.221
177,Lucy,Glasman,lglasman4w@mapquest.com,Female,179.164.170.33
178,Addison,Dilnot,adilnot4x@theatlantic.com,Male,142.238.66.255
179,Cyrus,Gives,cgives4y@nymag.com,Polygender,171.73.114.0
180,Karoline,Caskie,kcaskie4z@blogtalkradio.com,Female,166.220.2.255
181,Galen,Swan,gswan50@ycombinator.com,Male,33.17.208.133
182,Lane,Jacke,ljacke51@github.com,Female,212.168.82.170
183,Phillip,Brownjohn,pbrownjohn52@constantcontact.com,Non-binary,20.114.166.65
184,Dusty,Buddle,dbuddle53@cdc.gov,Female,201.143.123.103
185,Ludovika,Lammie,llammie54@rambler.ru,Polygender,226.168.80.16
186,Aryn,Varlow,avarlow55@mozilla.org,Non-binary,240.92.149.191
187,Giavani,Fluit,gfluit56@symantec.com,Male,77.15.63.76
188,Frederique,Roxby,froxby57@forbes.com,Female,216.210.214.201
189,Caprice,Bresner,cbresner58@4shared.com,Female,253.185.102.43
190,Dora,Tulley,dtulley59@craigslist.org,Female,218.239.84.235
191,Pollyanna,Kantor,pkantor5a@skype.com,Female,208.96.217.83
192,Lyman,Semerad,lsemerad5b@mayoclinic.com,Male,143.7.221.136
193,Thedrick,Samwell,tsamwell5c@hud.gov,Agender,127.122.16.21
194,Barclay,Bernardeau,bbernardeau5d@diigo.com,Male,75.144.164.57
195,Lynnette,Aven,laven5e@java.com,Agender,87.233.241.196
196,Salvatore,Neath,sneath5f@google.com.br,Male,180.37.213.27
197,Adelice,Commucci,acommucci5g@hao123.com,Female,236.24.250.164
198,Lilllie,Bloan,lbloan5h@tiny.cc,Female,9.78.111.115
199,Karylin,Vaan,kvaan5i@clickbank.net,Genderqueer,6.133.71.3
200,Shawn,Grimditch,sgrimditch5j@flavors.me,Male,51.219.107.189
201,Liam,Wraxall,lwraxall5k@dailymotion.com,Male,98.173.219.133
202,Cristian,Durbyn,cdurbyn5l@woothemes.com,Male,129.80.143.183
203,Rossie,Strewthers,rstrewthers5m@clickbank.net,Male,58.139.42.194
204,Di,Zanardii,dzanardii5n@columbia.edu,Genderqueer,161.150.66.221
205,Osbourn,Southorn,osouthorn5o@issuu.com,Male,196.232.158.181
206,Jasmin,Burdas,jburdas5p@etsy.com,Female,249.38.177.165
207,Babb,Sterley,bsterley5q@npr.org,Female,33.90.234.1
208,Cleavland,Eastham,ceastham5r@rediff.com,Male,130.105.207.168
209,Janey,Nann,jnann5s@goo.gl,Female,179.95.46.242
210,Cash,Lodeke,clodeke5t@lycos.com,Male,41.92.195.52
211,Maxie,Relfe,mrelfe5u@tinyurl.com,Female,124.228.215.157
212,Abby,Hlavecek,ahlavecek5v@dagondesign.com,Female,146.98.188.8
213,Donn,Thoday,dthoday5w@dmoz.org,Male,101.253.37.77
214,Myer,Jex,mjex5x@reverbnation.com,Male,183.228.193.33
215,Candide,Habbes,chabbes5y@xing.com,Bigender,90.20.58.114
216,Josh,Colicot,jcolicot5z@about.me,Male,116.11.194.48
217,Melvin,Lehemann,mlehemann60@statcounter.com,Male,12.90.147.59
218,Isahella,Athy,iathy61@ucla.edu,Female,212.231.170.242
219,Sandy,Tremouille,stremouille62@edublogs.org,Male,244.28.0.173
220,Yule,Whyatt,ywhyatt63@weather.com,Male,242.209.128.85
221,Chick,Babbage,cbabbage64@ucoz.com,Male,210.170.105.10
222,Alic,Stanion,astanion65@boston.com,Male,148.162.214.106
223,Tommy,Davison,tdavison66@yahoo.co.jp,Male,116.140.90.229
224,Sawyer,Rawsthorne,srawsthorne67@eepurl.com,Male,144.208.228.66
225,Merissa,Gallimore,mgallimore68@oracle.com,Female,200.26.85.196
226,Lenora,Bartocci,lbartocci69@addthis.com,Female,248.79.241.236
227,Andy,Vurley,avurley6a@xing.com,Genderfluid,186.139.88.19
228,Piper,Everington,peverington6b@live.com,Female,225.22.132.207
229,Denney,Benardeau,dbenardeau6c@i2i.jp,Male,14.188.100.206
230,Martina,Siebart,msiebart6d@hc360.com,Female,61.243.23.190
231,Gleda,Gyngyll,ggyngyll6e@hubpages.com,Bigender,177.249.134.215
232,Cobby,Piborn,cpiborn6f@prnewswire.com,Male,111.216.185.61
233,Rudy,Barock,rbarock6g@buzzfeed.com,Male,195.19.19.112
234,Noemi,Feehily,nfeehily6h@addthis.com,Agender,99.152.98.68
235,Toddie,Darlington,tdarlington6i@i2i.jp,Male,186.79.43.186
236,Abraham,Le Jean,alejean6j@gnu.org,Male,24.130.53.219
237,Pansie,Simmig,psimmig6k@google.co.jp,Female,221.138.174.231
238,Gweneth,Edgehill,gedgehill6l@tumblr.com,Female,59.249.140.131
239,Granger,Bainbridge,gbainbridge6m@hatena.ne.jp,Male,243.91.134.132
240,Connor,Caroli,ccaroli6n@amazonaws.com,Male,30.186.46.27
241,Elnora,Bransdon,ebransdon6o@phoca.cz,Female,177.78.24.172
242,Borden,Goneau,bgoneau6p@simplemachines.org,Male,121.193.142.105
243,Shirline,Talman,stalman6q@flavors.me,Bigender,176.112.70.150
244,Kylynn,Gethin,kgethin6r@mysql.com,Female,235.105.201.132
245,Seymour,Glitherow,sglitherow6s@nytimes.com,Male,3.118.0.155
246,Karola,Melledy,kmelledy6t@illinois.edu,Female,234.114.21.47
247,Nevile,Bending,nbending6u@nytimes.com,Male,140.16.140.178
248,Pierson,Delf,pdelf6v@dropbox.com,Genderfluid,219.206.163.28
249,Gery,Gravett,ggravett6w@multiply.com,Male,45.102.252.145
250,Oliver,de Juares,odejuares6x@nhs.uk,Male,69.50.30.28
251,Rance,Jeeks,rjeeks6y@123-reg.co.uk,Male,79.226.32.100
252,Wildon,Ingree,wingree6z@reference.com,Male,96.211.4.16
253,Oralla,Allcock,oallcock70@telegraph.co.uk,Female,109.242.201.254
254,Jasmine,Goch,jgoch71@macromedia.com,Female,145.166.16.131
255,Rhett,Romero,rromero72@utexas.edu,Male,76.247.30.149
256,Nil,Kendred,nkendred73@google.it,Male,179.125.220.170
257,Freda,McKeag,fmckeag74@shop-pro.jp,Female,19.80.199.151
258,Bonita,Mutton,bmutton75@europa.eu,Female,195.241.140.178
259,Ophelie,Brazil,obrazil76@quantcast.com,Polygender,104.46.117.55
260,Kienan,Dast,kdast77@japanpost.jp,Male,107.94.37.111
261,Dido,Bengough,dbengough78@rediff.com,Female,45.168.42.211
262,Jackquelin,Lisimore,jlisimore79@who.int,Female,36.214.239.16
263,Howie,Jura,hjura7a@yelp.com,Male,183.149.80.198
264,Cassie,Blonfield,cblonfield7b@163.com,Non-binary,17.250.214.182
265,Becca,Harbour,bharbour7c@tinyurl.com,Female,249.204.16.103
266,Louisa,Deaton,ldeaton7d@studiopress.com,Female,152.32.97.70
267,Adeline,Gosswell,agosswell7e@wsj.com,Female,139.235.235.255
268,Millisent,Gunthorp,mgunthorp7f@time.com,Female,221.69.78.176
269,Stacy,Frampton,sframpton7g@icio.us,Genderqueer,240.163.234.125
270,Leo,Attaway,lattaway7h@nbcnews.com,Male,160.199.154.77
271,Anthony,Grisenthwaite,agrisenthwaite7i@joomla.org,Male,91.70.23.94
272,Vonny,Barbrook,vbarbrook7j@toplist.cz,Female,70.132.226.154
273,Charles,Ecles,cecles7k@phoca.cz,Genderfluid,83.49.24.141
274,Currey,Hanmer,chanmer7l@sun.com,Male,24.47.142.124
275,Brand,Rosenfelt,brosenfelt7m@xing.com,Male,130.87.65.61
276,Jermaine,Galbraith,jgalbraith7n@ucsd.edu,Agender,220.245.56.216
277,Morgun,Rablen,mrablen7o@quantcast.com,Male,137.125.173.201
278,Lira,McHan,lmchan7p@diigo.com,Female,184.24.63.172
279,Gwennie,Garfield,ggarfield7q@accuweather.com,Female,2.238.28.124
280,Les,Brashier,lbrashier7r@desdev.cn,Male,147.245.57.226
281,Kat,Heibel,kheibel7s@i2i.jp,Agender,132.195.237.180
282,Astra,Swan,aswan7t@gizmodo.com,Female,136.0.227.60
283,Edythe,Noonan,enoonan7u@comcast.net,Female,93.209.134.104
284,Sena,Fothergill,sfothergill7v@nsw.gov.au,Female,44.60.60.96
285,Reade,McFfaden,rmcffaden7w@jalbum.net,Male,58.35.69.169
286,Portia,Crickmer,pcrickmer7x@cnet.com,Female,216.120.84.234
287,Becca,Joice,bjoice7y@wisc.edu,Female,106.66.25.64
288,Niles,Crookes,ncrookes7z@netlog.com,Male,48.65.27.228
289,Arlena,Harcourt,aharcourt80@chicagotribune.com,Female,237.177.17.158
290,Rolland,Walwood,rwalwood81@rambler.ru,Non-binary,197.12.62.62
291,Holt,Westmerland,hwestmerland82@state.tx.us,Male,109.158.127.79
292,Carey,Sille,csille83@blog.com,Male,160.64.173.144
293,See,Vogeler,svogeler84@bluehost.com,Male,25.132.209.9
294,Dael,Ritchie,dritchie85@51.la,Male,34.111.114.60
295,Angelika,Olivella,aolivella86@wikia.com,Female,72.193.91.138
296,Mellisent,Bartrop,mbartrop87@spotify.com,Female,34.10.37.88
297,Gail,Seak,gseak88@nationalgeographic.com,Female,145.249.214.215
298,Kit,Hampe,khampe89@fastcompany.com,Male,242.179.178.137
299,Lindi,Merigeau,lmerigeau8a@skype.com,Genderfluid,69.30.39.221
300,Darsey,Dursley,ddursley8b@pinterest.com,Female,162.70.216.246
301,Adi,Pecha,apecha8c@quantcast.com,Female,81.83.87.87
302,Elyse,Childes,echildes8d@parallels.com,Bigender,153.83.216.118
303,Dorisa,Barnham,dbarnham8e@europa.eu,Female,130.97.74.93
304,Herschel,McCullock,hmccullock8f@oakley.com,Male,156.77.183.202
305,Clemens,Pierro,cpierro8g@so-net.ne.jp,Male,254.103.243.240
306,Aurelia,Cahani,acahani8h@about.com,Female,33.92.9.174
307,Vida,Ravillas,vravillas8i@soup.io,Female,50.66.30.185
308,Marleen,Tiffney,mtiffney8j@princeton.edu,Female,104.253.65.233
309,Annabella,McGuigan,amcguigan8k@myspace.com,Female,35.152.247.182
310,Gregg,McNish,gmcnish8l@toplist.cz,Male,64.227.219.251
311,Felicia,Butland,fbutland8m@example.com,Female,108.48.220.180
312,Sherill,Flea,sflea8n@about.me,Female,187.43.29.194
313,Flossie,Nathan,fnathan8o@youku.com,Female,42.46.41.150
314,Melamie,Widdows,mwiddows8p@cbc.ca,Female,133.121.18.5
315,Nollie,Schlagh,nschlagh8q@wix.com,Male,82.169.7.254
316,Burg,D'Hooge,bdhooge8r@sogou.com,Male,156.54.119.137
317,Christa,Glayzer,cglayzer8s@gnu.org,Female,84.180.90.114
318,Prentice,Secrett,psecrett8t@cbsnews.com,Male,149.154.100.135
319,Hilliard,Affleck,haffleck8u@wiley.com,Male,15.107.34.144
320,Alyosha,Creboe,acreboe8v@bluehost.com,Male,243.180.229.160
321,Percy,Nannini,pnannini8w@about.com,Male,174.107.228.166
322,Gunar,Allenson,gallenson8x@guardian.co.uk,Male,174.17.125.16
323,Broderick,Purdom,bpurdom8y@sciencedaily.com,Male,60.129.220.74
324,Tilda,Diglin,tdiglin8z@ask.com,Female,0.179.23.202
325,Tessy,Gass,tgass90@jigsy.com,Female,1.156.48.21
326,Pail,Attrie,pattrie91@unicef.org,Male,234.205.201.125
327,Des,Flanne,dflanne92@ox.ac.uk,Male,16.179.86.241
328,Amelita,Axon,aaxon93@digg.com,Bigender,156.204.170.69
329,Hildagard,Ingarfill,hingarfill94@sina.com.cn,Female,130.14.181.181
330,Madelena,Marjanovic,mmarjanovic95@imgur.com,Female,246.118.38.126
331,Roarke,Fradson,rfradson96@blogtalkradio.com,Male,126.173.175.246
332,Carolus,Goding,cgoding97@businessweek.com,Male,78.215.9.93
333,Guthry,Le Maitre,glemaitre98@census.gov,Male,76.234.244.125
334,Yehudi,Ovitz,yovitz99@dedecms.com,Male,226.157.0.220
335,Nicki,Imort,nimort9a@wired.com,Female,66.144.74.43
336,Lib,Cecil,lcecil9b@npr.org,Female,8.9.14.68
337,Rancell,Schowenburg,rschowenburg9c@soup.io,Male,215.160.207.52
338,Norton,Skedge,nskedge9d@last.fm,Male,191.71.34.119
339,Blaine,Vickarman,bvickarman9e@zdnet.com,Male,9.162.37.122
340,Hashim,Cullotey,hcullotey9f@springer.com,Bigender,102.191.230.213
341,Lyell,Bollands,lbollands9g@redcross.org,Male,108.108.89.211
342,Doyle,Roofe,droofe9h@theglobeandmail.com,Male,140.13.217.66
343,Tamara,Dabney,tdabney9i@de.vu,Female,115.173.68.247
344,Louisette,Raddish,lraddish9j@uol.com.br,Female,81.233.185.102
345,Robina,O'Fallon,rofallon9k@moonfruit.com,Female,126.37.161.86
346,Ansel,Bennoe,abennoe9l@google.ru,Bigender,222.199.206.67
347,Clair,Bretland,cbretland9m@discuz.net,Polygender,189.83.84.66
348,Karleen,Lande,klande9n@usatoday.com,Female,244.87.148.96
349,Ferris,Blackadder,fblackadder9o@google.com.au,Male,249.10.19.131
350,Nataniel,Pirson,npirson9p@nbcnews.com,Male,104.249.242.210
351,Myer,Hamber,mhamber9q@sitemeter.com,Male,210.175.241.7
352,Janice,Whight,jwhight9r@ebay.co.uk,Female,226.39.62.149
353,Prinz,Szimoni,pszimoni9s@arizona.edu,Male,12.126.69.97
354,Timmie,Hildrew,thildrew9t@timesonline.co.uk,Female,211.53.154.255
355,Isidore,Havile,ihavile9u@telegraph.co.uk,Male,185.241.190.75
356,Adena,Sanzio,asanzio9v@sogou.com,Female,92.244.70.73
357,Davidson,Vesty,dvesty9w@nbcnews.com,Male,249.241.251.74
358,Rouvin,Byatt,rbyatt9x@eepurl.com,Male,104.194.179.127
359,Baxter,Casella,bcasella9y@tamu.edu,Male,3.34.187.226
360,Tiphany,Crinkley,tcrinkley9z@marriott.com,Female,196.92.37.159
361,Brooks,Bolstridge,bbolstridgea0@cnbc.com,Male,28.120.229.42
362,Ara,Levins,alevinsa1@g.co,Female,118.151.177.134
363,Bonni,Garfitt,bgarfitta2@columbia.edu,Female,127.178.207.96
364,Dov,Yeoland,dyeolanda3@reverbnation.com,Male,47.227.230.74
365,Valenka,Belliveau,vbelliveaua4@e-recht24.de,Female,70.196.13.29
366,Bearnard,Bernardt,bbernardta5@booking.com,Male,243.128.48.252
367,Binky,Durrington,bdurringtona6@time.com,Male,64.12.250.58
368,Latrina,Lanmeid,llanmeida7@cocolog-nifty.com,Female,188.34.164.97
369,Adrien,Buller,abullera8@goo.gl,Male,63.85.9.233
370,Grantley,Cole,gcolea9@ihg.com,Male,206.72.202.111
371,Hillie,Redholls,hredhollsaa@upenn.edu,Male,182.211.180.114
372,Lenci,Frangione,lfrangioneab@goo.ne.jp,Male,37.190.140.238
373,Leora,Newdick,lnewdickac@technorati.com,Female,203.173.131.106
374,Wilow,Mattea,wmatteaad@businesswire.com,Non-binary,208.1.71.133
375,Katya,Windross,kwindrossae@wp.com,Female,40.165.63.68
376,Mona,Biggerdike,mbiggerdikeaf@mashable.com,Female,110.199.248.46
377,Estele,Nardi,enardiag@xrea.com,Female,20.255.30.186
378,Vicki,Blunsen,vblunsenah@deliciousdays.com,Female,163.176.164.177
379,Etheline,Kingsley,ekingsleyai@nyu.edu,Female,245.0.215.18
380,Audrie,Castagnet,acastagnetaj@newyorker.com,Female,199.69.206.82
381,Florette,Vearncombe,fvearncombeak@360.cn,Female,171.236.198.243
382,Desiri,Wheelton,dwheeltonal@mlb.com,Female,233.161.82.43
383,Astrid,Brundell,abrundellam@infoseek.co.jp,Female,252.43.177.63
384,Sada,Knutsen,sknutsenan@blinklist.com,Female,74.233.161.192
385,Dorothy,Goodier,dgoodierao@illinois.edu,Female,117.254.113.10
386,Othella,Plumley,oplumleyap@pen.io,Female,215.243.93.216
387,Ashli,Elmar,aelmaraq@prnewswire.com,Female,240.228.182.153
388,Alwin,Belone,abelonear@privacy.gov.au,Male,131.251.84.29
389,Julietta,Wisdish,jwisdishas@paypal.com,Female,179.240.187.210
390,Dianne,Windous,dwindousat@unicef.org,Female,7.98.168.192
391,Abagail,Guinane,aguinaneau@creativecommons.org,Female,157.108.13.181
392,Joyan,Kimblin,jkimblinav@wunderground.com,Female,10.236.27.243
393,Madge,Trueman,mtruemanaw@cyberchimps.com,Female,218.221.189.21
394,Pierette,Boylin,pboylinax@infoseek.co.jp,Female,128.110.236.23
395,Edlin,Bennit,ebennitay@spotify.com,Male,120.111.221.231
396,Jeremy,Jebb,jjebbaz@census.gov,Male,215.208.230.253
397,Lyman,Govinlock,lgovinlockb0@plala.or.jp,Male,105.248.158.165
398,Corene,Ollive,colliveb1@printfriendly.com,Female,129.225.138.184
399,Wheeler,Goulborn,wgoulbornb2@nature.com,Male,198.206.228.148
400,Elene,Joscelin,ejoscelinb3@mac.com,Female,178.123.64.243
401,Laurianne,MacHoste,lmachosteb4@facebook.com,Female,217.57.30.231
402,Tracey,Erbe,terbeb5@illinois.edu,Female,208.188.79.103
403,Hillie,Shergold,hshergoldb6@eventbrite.com,Male,210.155.109.44
404,Corney,London,clondonb7@google.ca,Male,114.42.113.156
405,Fawnia,Luard,fluardb8@businessinsider.com,Agender,54.115.209.123
406,Ximenez,Bernardot,xbernardotb9@myspace.com,Male,92.78.232.254
407,Mead,Mumbeson,mmumbesonba@bloglovin.com,Female,109.39.171.191
408,Berkie,Clemmey,bclemmeybb@netvibes.com,Genderqueer,87.179.226.211
409,Lorry,Dowber,ldowberbc@webeden.co.uk,Male,204.135.243.102
410,Frank,Blaes,fblaesbd@flavors.me,Male,37.143.216.1
411,Tatiania,Cliburn,tcliburnbe@yolasite.com,Female,243.125.52.33
412,Rowland,De Dei,rdedeibf@google.it,Male,39.106.114.73
413,Kelsey,Bachman,kbachmanbg@bbb.org,Female,187.61.167.161
414,Josey,Itzcovich,jitzcovichbh@yale.edu,Female,229.141.25.244
415,Joelle,Tomei,jtomeibi@google.ca,Female,170.65.247.172
416,Terrijo,Forsyth,tforsythbj@dailymotion.com,Female,102.47.32.207
417,Dennison,Newlin,dnewlinbk@hubpages.com,Male,21.137.90.147
418,Mackenzie,Dosdale,mdosdalebl@cbc.ca,Male,146.122.90.76
419,Aaren,MacAnellye,amacanellyebm@soundcloud.com,Female,109.61.185.94
420,Dre,Crutchley,dcrutchleybn@multiply.com,Female,164.155.179.229
421,Evan,Dungey,edungeybo@elpais.com,Male,180.205.150.109
422,Cristionna,Kelloch,ckellochbp@yandex.ru,Bigender,37.22.35.116
423,Clemmy,Stove,cstovebq@mit.edu,Male,171.136.236.130
424,Ly,Cahalin,lcahalinbr@wikispaces.com,Male,23.107.88.198
425,Rodrique,Gulley,rgulleybs@ftc.gov,Male,204.136.254.177
426,Rafferty,Heinz,rheinzbt@blogspot.com,Male,251.209.89.121
427,Lotte,Hazeldean,lhazeldeanbu@blogspot.com,Female,120.93.235.31
428,Janaya,Garling,jgarlingbv@scribd.com,Female,67.23.43.170
429,Kirbee,Tordoff,ktordoffbw@cargocollective.com,Female,165.207.134.252
430,Dian,Durnford,ddurnfordbx@elpais.com,Female,113.190.74.18
431,Carny,Crucitti,ccrucittiby@spotify.com,Bigender,173.6.84.32
432,Ulises,Impleton,uimpletonbz@scientificamerican.com,Male,161.22.136.252
433,Caye,Curm,ccurmc0@spotify.com,Non-binary,60.51.65.136
434,Brooke,Pinder,bpinderc1@hhs.gov,Male,152.234.245.105
435,Edgardo,Cheng,echengc2@ted.com,Male,133.131.14.194
436,Nevins,Marshallsay,nmarshallsayc3@nasa.gov,Male,45.73.69.227
437,Grethel,Guy,gguyc4@mediafire.com,Female,119.151.79.204
438,Mahala,Boylin,mboylinc5@yandex.ru,Female,107.4.58.99
439,Kathryne,Whitewood,kwhitewoodc6@cnbc.com,Female,114.192.50.134
440,North,MacNair,nmacnairc7@arstechnica.com,Male,49.152.212.47
441,Abigael,Dumbar,adumbarc8@marketwatch.com,Female,181.222.143.213
442,Carlye,Dabourne,cdabournec9@csmonitor.com,Female,252.249.17.210
443,Michell,Carleton,mcarletonca@eepurl.com,Female,30.141.211.193
444,Norrie,McLevie,nmcleviecb@netlog.com,Male,162.177.86.185
445,Vanya,Dosdell,vdosdellcc@oaic.gov.au,Male,179.224.66.212
446,Ardith,Ramirez,aramirezcd@symantec.com,Female,139.29.115.198
447,Marni,Earney,mearneyce@bing.com,Female,140.83.231.212
448,Eliza,Moorman,emoormancf@businessweek.com,Female,127.231.177.188
449,Christen,Osmant,cosmantcg@aboutads.info,Female,49.109.236.99
450,Suki,Coughtrey,scoughtreych@chron.com,Female,211.123.51.66
451,Maiga,Hawsby,mhawsbyci@cloudflare.com,Female,254.205.107.189
452,Arley,Kensy,akensycj@cbslocal.com,Male,54.96.202.245
453,Gothart,Siggs,gsiggsck@icq.com,Male,128.18.124.234
454,Sarine,Impey,simpeycl@godaddy.com,Bigender,26.103.254.141
455,Sibyl,Haggata,shaggatacm@geocities.com,Male,147.154.139.125
456,Stevy,Rummin,srummincn@unicef.org,Male,42.80.107.95
457,Gordan,De Ruggiero,gderuggieroco@psu.edu,Male,134.53.21.104
458,Camala,Meneghelli,cmeneghellicp@oaic.gov.au,Female,189.82.22.194
459,Jocko,Ipsly,jipslycq@yellowpages.com,Male,120.180.58.229
460,Guillermo,Loveridge,gloveridgecr@tinyurl.com,Male,59.111.172.141
461,Olav,Pittson,opittsoncs@buzzfeed.com,Male,229.59.57.198
462,Nikola,Gallardo,ngallardoct@simplemachines.org,Male,86.173.248.79
463,Dalton,Ledekker,dledekkercu@posterous.com,Male,46.245.79.254
464,Liva,Knotton,lknottoncv@mit.edu,Female,78.36.184.235
465,Andriette,Eckh,aeckhcw@mail.ru,Female,82.228.190.106
466,Sara,Neeves,sneevescx@unc.edu,Female,44.164.138.220
467,Johannah,Gommowe,jgommowecy@tinypic.com,Female,220.92.151.14
468,Shawn,Patsall,spatsallcz@ameblo.jp,Female,40.165.86.9
469,Nataline,Waeland,nwaelandd0@hatena.ne.jp,Female,67.217.221.36
470,Winnifred,Harding,whardingd1@dedecms.com,Female,119.216.27.33
471,Forest,De Fries,fdefriesd2@ihg.com,Genderqueer,168.110.230.39
472,Lorrayne,Barby,lbarbyd3@youtube.com,Female,78.41.149.246
473,Valaree,Brundle,vbrundled4@issuu.com,Bigender,170.149.219.46
474,Dannie,Devonshire,ddevonshired5@ustream.tv,Female,214.186.113.217
475,Jackqueline,Sandeford,jsandefordd6@desdev.cn,Female,242.242.176.126
476,Nettle,Baford,nbafordd7@usda.gov,Female,248.113.152.140
477,Nicky,Robottham,nrobotthamd8@dion.ne.jp,Female,33.254.104.196
478,Barry,Coiley,bcoileyd9@bigcartel.com,Male,48.8.93.15
479,Juieta,Walbrook,jwalbrookda@globo.com,Female,241.73.42.117
480,Allin,Adney,aadneydb@shareasale.com,Male,187.255.61.209
481,Florie,Alexsandrowicz,falexsandrowiczdc@macromedia.com,Female,215.238.39.177
482,Quentin,Absolom,qabsolomdd@cnet.com,Male,43.252.254.57
483,Thorvald,Borell,tborellde@google.co.jp,Male,151.89.38.12
484,Deni,Davys,ddavysdf@bloomberg.com,Female,50.56.126.122
485,Cale,Yter,cyterdg@unblog.fr,Male,189.3.10.132
486,Jolynn,Berford,jberforddh@de.vu,Female,204.181.241.65
487,Erica,Neylan,eneylandi@hp.com,Female,143.253.134.187
488,Ric,Chesswas,rchesswasdj@wiley.com,Male,4.79.20.164
489,Bank,Abelson,babelsondk@i2i.jp,Male,23.191.71.91
490,Bartlett,Overshott,bovershottdl@ihg.com,Male,127.73.80.122
491,Vidovic,Pagon,vpagondm@devhub.com,Male,130.104.87.78
492,Mommy,Divver,mdivverdn@ed.gov,Female,149.85.181.3
493,Amalee,Riditch,ariditchdo@spotify.com,Female,129.131.110.221
494,Saba,Daftor,sdaftordp@pcworld.com,Female,46.14.17.153
495,Fredelia,Cottesford,fcottesforddq@cpanel.net,Female,202.70.72.101
496,Alejandrina,Fairfull,afairfulldr@e-recht24.de,Genderqueer,28.213.151.162
497,Georgeanna,Bentson,gbentsonds@si.edu,Female,192.25.56.34
498,Hymie,Behnen,hbehnendt@thetimes.co.uk,Male,65.210.228.161
499,Ciel,Ert,certdu@disqus.com,Female,192.242.119.21
500,Christophe,Fader,cfaderdv@ycombinator.com,Male,206.242.133.160
501,Miranda,Anderson,mandersondw@nih.gov,Female,131.120.148.175
502,Binni,Dineen,bdineendx@youku.com,Female,203.50.121.67
503,Jilleen,Poulsom,jpoulsomdy@ucla.edu,Female,252.75.46.210
504,Elvin,Fillery,efillerydz@tripod.com,Male,226.137.134.103
505,Eryn,Vivers,eviverse0@latimes.com,Genderqueer,37.26.42.158
506,Ogdon,Pendre,opendree1@miitbeian.gov.cn,Male,105.14.195.65
507,Jacqueline,Woolatt,jwoolatte2@bravesites.com,Female,127.236.114.74
508,Emelda,Looker,elookere3@oakley.com,Female,237.41.113.219
509,Adolphe,Whitworth,awhitworthe4@hibu.com,Male,54.131.114.162
510,Tony,Paddell,tpaddelle5@nba.com,Male,50.59.101.52
511,Dolli,Taffie,dtaffiee6@wikipedia.org,Female,96.79.4.252
512,Guillemette,Newman,gnewmane7@icq.com,Female,5.255.7.21
513,Manda,Meekin,mmeekine8@sbwire.com,Female,47.51.74.118
514,Abdul,Ivantsov,aivantsove9@comsenz.com,Male,170.123.120.20
515,Lauritz,Antyukhin,lantyukhinea@last.fm,Male,90.7.88.17
516,Elladine,McIlenna,emcilennaeb@aboutads.info,Female,213.173.2.251
517,Davie,Grossier,dgrossierec@ycombinator.com,Male,165.97.243.17
518,Sanderson,Withams,swithamsed@blogger.com,Male,24.165.185.141
519,Janelle,Chetwynd,jchetwyndee@disqus.com,Genderqueer,172.5.237.47
520,Webster,Christophle,wchristophleef@goo.ne.jp,Male,74.185.163.246
521,Emmott,Hallin,ehallineg@alexa.com,Male,169.247.122.199
522,Dominga,Antcliff,dantcliffeh@dedecms.com,Female,106.50.115.97
523,Noella,Brolechan,nbrolechanei@telegraph.co.uk,Female,11.164.173.12
524,Hagen,Tevlin,htevlinej@newsvine.com,Male,250.171.228.52
525,Nanni,Yeowell,nyeowellek@drupal.org,Female,66.198.157.100
526,Angelico,Spelsbury,aspelsburyel@fda.gov,Male,228.195.187.231
527,Shawnee,Maase,smaaseem@sakura.ne.jp,Female,234.221.58.141
528,Say,Stuckley,sstuckleyen@thetimes.co.uk,Male,4.166.44.250
529,Doug,Simoens,dsimoenseo@cargocollective.com,Male,6.204.180.160
530,Rock,Willmore,rwillmoreep@china.com.cn,Male,27.114.30.157
531,Orsa,Bumby,obumbyeq@microsoft.com,Female,252.74.70.125
532,Maritsa,Pindell,mpindeller@examiner.com,Female,169.239.196.3
533,Bevvy,Tym,btymes@slate.com,Female,127.198.218.211
534,Brander,Ohrt,bohrtet@wiley.com,Non-binary,56.242.84.115
535,Osmund,Caldero,ocalderoeu@globo.com,Male,46.133.81.61
536,Elset,Rasher,erasherev@vinaora.com,Female,118.216.134.181
537,Hanson,Enrrico,henrricoew@newyorker.com,Male,135.27.209.139
538,Rockwell,Bendon,rbendonex@aol.com,Male,196.1.87.160
539,Leonerd,Boich,lboichey@studiopress.com,Male,174.50.97.208
540,Fran,McSorley,fmcsorleyez@blogspot.com,Polygender,159.50.172.117
541,Wynn,Baglow,wbaglowf0@blog.com,Female,208.117.4.131
542,Kym,Greeding,kgreedingf1@rediff.com,Female,25.237.217.182
543,Kerr,Burdas,kburdasf2@rakuten.co.jp,Male,146.192.14.20
544,Lilyan,Morin,lmorinf3@skyrock.com,Female,90.185.141.99
545,Sayres,Toop,stoopf4@house.gov,Male,69.107.212.68
546,Bibby,Tschersich,btschersichf5@sbwire.com,Female,140.250.192.20
547,Mycah,Bristo,mbristof6@com.com,Male,34.107.59.242
548,Evered,Feirn,efeirnf7@mayoclinic.com,Male,207.244.225.50
549,Padget,Dobrowolski,pdobrowolskif8@illinois.edu,Male,139.237.41.71
550,Berri,Tramel,btramelf9@google.it,Female,65.90.97.138
551,Caz,Hampton,champtonfa@washingtonpost.com,Male,147.94.115.66
552,Natassia,Emps,nempsfb@gravatar.com,Female,104.223.73.0
553,Boone,Linklater,blinklaterfc@state.gov,Male,167.76.165.223
554,Thaddeus,Brimham,tbrimhamfd@nature.com,Male,185.140.204.218
555,Kristi,Cafe,kcafefe@sakura.ne.jp,Genderfluid,13.94.82.16
556,Agata,Findlater,afindlaterff@businessinsider.com,Female,81.159.27.13
557,Ricki,McFeat,rmcfeatfg@adobe.com,Female,161.190.206.134
558,Wyn,Bloxam,wbloxamfh@printfriendly.com,Male,224.233.155.168
559,Kalindi,Platt,kplattfi@bluehost.com,Female,32.19.89.245
560,Tabina,Cohen,tcohenfj@webeden.co.uk,Female,164.156.82.12
561,Alysa,Diter,aditerfk@over-blog.com,Female,82.110.122.5
562,Catherina,Dominique,cdominiquefl@apple.com,Bigender,202.84.138.162
563,Bealle,Longson,blongsonfm@timesonline.co.uk,Male,49.242.180.96
564,Marylynne,Watchorn,mwatchornfn@last.fm,Female,4.230.112.195
565,Deane,Marten,dmartenfo@drupal.org,Female,252.198.30.241
566,Ericka,Muncie,emunciefp@independent.co.uk,Female,144.12.155.41
567,Hermia,Loachhead,hloachheadfq@deviantart.com,Female,223.151.48.141
568,Christie,Demonge,cdemongefr@mlb.com,Male,150.211.134.241
569,Abelard,Terbrugge,aterbruggefs@yelp.com,Male,189.122.107.203
570,Tracy,Dornan,tdornanft@examiner.com,Female,24.168.58.9
571,Emmie,Grouvel,egrouvelfu@illinois.edu,Female,183.63.210.117
572,Ronda,Slatford,rslatfordfv@flavors.me,Female,117.47.63.111
573,Charmian,Worledge,cworledgefw@php.net,Female,237.108.234.93
574,Bree,Sultan,bsultanfx@free.fr,Female,233.173.82.210
575,Wolf,Hesey,wheseyfy@alibaba.com,Male,101.165.191.212
576,Desmund,Reavey,dreaveyfz@whitehouse.gov,Male,85.145.20.208
577,Merla,Wickman,mwickmang0@shareasale.com,Female,235.187.238.198
578,Susanna,Wisniowski,swisniowskig1@mediafire.com,Female,247.149.3.248
579,Byrom,Kaminski,bkaminskig2@mozilla.com,Male,205.56.6.179
580,Stanleigh,Getcliffe,sgetcliffeg3@berkeley.edu,Male,144.102.12.59
581,Ivar,Getsham,igetshamg4@ezinearticles.com,Male,53.231.60.97
582,Petr,Ollis,pollisg5@google.pl,Male,172.150.189.58
583,Jo-anne,Shilliday,jshillidayg6@theatlantic.com,Female,254.129.90.122
584,Derick,Osgordby,dosgordbyg7@xinhuanet.com,Male,227.103.25.145
585,Bogart,Waberer,bwabererg8@independent.co.uk,Male,243.253.59.145
586,Dominica,Windridge,dwindridgeg9@si.edu,Female,24.12.82.68
587,Babb,Courtliff,bcourtliffga@behance.net,Female,183.206.26.130
588,Isiahi,Kieran,ikierangb@hibu.com,Male,14.237.216.156
589,Cass,Size,csizegc@ibm.com,Male,2.243.245.114
590,Addie,Nickless,anicklessgd@tamu.edu,Female,120.238.85.212
591,Amandie,Cowx,acowxge@clickbank.net,Genderfluid,217.212.206.47
592,Darren,Youell,dyouellgf@list-manage.com,Male,17.17.81.240
593,Jozef,Hessay,jhessaygg@slate.com,Male,126.248.55.95
594,Constantine,Mapstone,cmapstonegh@redcross.org,Male,22.220.130.188
595,Bjorn,Owens,bowensgi@storify.com,Genderqueer,30.43.128.189
596,Larry,Nuss,lnussgj@t.co,Male,62.100.48.20
597,Julius,Angear,jangeargk@harvard.edu,Male,104.107.42.1
598,Sapphire,Macrae,smacraegl@economist.com,Bigender,242.224.37.99
599,Drew,Daingerfield,ddaingerfieldgm@woothemes.com,Male,31.206.50.90
600,Adelaida,Kristoffersen,akristoffersengn@people.com.cn,Female,30.238.76.185
601,Orazio,Peplay,opeplaygo@statcounter.com,Male,2.124.148.232
602,Steve,MacRorie,smacroriegp@zimbio.com,Agender,59.55.217.66
603,Goldia,Alan,galangq@slate.com,Female,166.246.121.81
604,Chen,Duran,cdurangr@ask.com,Non-binary,173.71.249.48
605,Lesli,O'Lyhane,lolyhanegs@ihg.com,Female,177.13.167.222
606,Carly,Patzelt,cpatzeltgt@vimeo.com,Female,115.177.4.213
607,Bambi,Sanz,bsanzgu@webs.com,Genderqueer,97.94.104.113
608,Robbie,Vina,rvinagv@ebay.com,Male,162.34.194.127
609,Jaynell,Espinoza,jespinozagw@mysql.com,Female,235.30.200.136
610,Faber,Healings,fhealingsgx@house.gov,Male,219.90.195.211
611,Clayborn,Pollak,cpollakgy@ovh.net,Male,247.65.5.206
612,Lemar,Hyde-Chambers,lhydechambersgz@free.fr,Male,91.223.84.149
613,Helenelizabeth,Minall,hminallh0@wufoo.com,Female,202.197.64.41
614,Siobhan,Husband,shusbandh1@com.com,Female,141.210.110.165
615,Adara,Wingeat,awingeath2@last.fm,Female,1.205.92.219
616,Aguistin,Grannell,agrannellh3@netvibes.com,Male,250.159.104.17
617,Diana,Jeggo,djeggoh4@slate.com,Female,195.135.144.6
618,Claudian,Roocroft,croocrofth5@angelfire.com,Male,124.193.228.212
619,Kaja,Torricella,ktorricellah6@disqus.com,Female,65.154.3.15
620,Kaine,Rumney,krumneyh7@mac.com,Male,0.135.237.26
621,Byron,Battram,bbattramh8@amazon.com,Male,101.132.224.119
622,Sharon,Parker,sparkerh9@state.gov,Female,176.7.190.43
623,Nixie,Lordon,nlordonha@engadget.com,Female,178.171.35.212
624,Loren,Flewett,lflewetthb@youku.com,Female,175.24.146.95
625,Wyatt,Esherwood,wesherwoodhc@forbes.com,Male,84.110.234.14
626,Mikkel,Sired,msiredhd@g.co,Non-binary,210.152.79.55
627,Gilles,Geyton,ggeytonhe@theatlantic.com,Non-binary,73.129.229.121
628,Rorie,Penswick,rpenswickhf@pcworld.com,Female,222.107.253.68
629,Aurea,Zapatero,azapaterohg@cbc.ca,Female,232.62.51.230
630,Kimmi,Tasseler,ktasselerhh@nbcnews.com,Female,133.174.90.243
631,Gaultiero,Malkie,gmalkiehi@flickr.com,Male,188.54.1.215
632,Mala,Bahde,mbahdehj@smh.com.au,Female,207.20.32.11
633,Katherine,Fawdery,kfawderyhk@xrea.com,Female,123.192.142.5
634,Georgena,Wannop,gwannophl@people.com.cn,Female,43.227.187.67
635,Scotty,de Guerre,sdeguerrehm@bloomberg.com,Male,140.43.74.172
636,Hector,Chadband,hchadbandhn@blogger.com,Male,233.8.70.177
637,Dolley,Balcon,dbalconho@drupal.org,Female,170.24.139.122
638,Hadlee,Houseman,hhousemanhp@bbb.org,Male,116.222.65.121
639,Phillipe,Born,pbornhq@nydailynews.com,Male,218.70.12.210
640,Erich,Windus,ewindushr@etsy.com,Male,145.8.103.138
641,Millisent,Zuppa,mzuppahs@chronoengine.com,Female,75.7.99.155
642,Deonne,Agerskow,dagerskowht@engadget.com,Female,91.98.62.224
643,Coralyn,Winston,cwinstonhu@google.cn,Female,231.193.30.61
644,Kliment,Elland,kellandhv@loc.gov,Male,124.240.247.164
645,Bryna,Saffrin,bsaffrinhw@si.edu,Female,61.106.117.82
646,Heddi,Tonry,htonryhx@japanpost.jp,Female,107.21.46.133
647,Bronson,Prangnell,bprangnellhy@google.es,Male,192.62.140.32
648,Lucien,Flatley,lflatleyhz@cyberchimps.com,Male,137.210.247.243
649,Urson,Thyer,uthyeri0@craigslist.org,Male,241.130.36.210
650,Anton,Doidge,adoidgei1@home.pl,Male,42.204.120.71
651,Rainer,MacIver,rmaciveri2@last.fm,Male,31.19.152.231
652,Sadye,Torn,storni3@yelp.com,Female,140.180.222.168
653,Dirk,Wilby,dwilbyi4@amazon.com,Male,43.169.138.130
654,Jule,Ubsdale,jubsdalei5@nsw.gov.au,Male,47.118.190.129
655,Chloris,D'Antoni,cdantonii6@1688.com,Female,103.1.120.131
656,Alika,Lygoe,alygoei7@booking.com,Female,210.139.209.176
657,Markos,Zambon,mzamboni8@a8.net,Male,17.244.110.251
658,Nil,Gozney,ngozneyi9@uiuc.edu,Male,182.191.90.52
659,Archibold,Piotr,apiotria@cornell.edu,Polygender,40.31.211.81
660,Edgar,Mackie,emackieib@google.com,Male,193.193.114.57
661,Kristian,Rubinchik,krubinchikic@sogou.com,Male,90.106.145.224
662,Boote,Ferrand,bferrandid@jigsy.com,Male,159.2.74.218
663,Stephanus,De Simoni,sdesimoniie@blinklist.com,Male,140.115.170.87
664,Jill,Vakhonin,jvakhoninif@indiatimes.com,Female,52.240.126.54
665,Bonnie,Oswal,boswalig@moonfruit.com,Female,91.31.26.112
666,Tammi,Crank,tcrankih@flavors.me,Female,156.85.180.167
667,Bertie,Dowse,bdowseii@mozilla.org,Male,197.85.40.224
668,Urbanus,Lehrian,ulehrianij@house.gov,Male,158.134.193.168
669,Phillipp,Davydoch,pdavydochik@pagesperso-orange.fr,Male,207.165.207.35
670,Sauncho,Gaddesby,sgaddesbyil@trellian.com,Male,204.251.93.21
671,Iolanthe,O'Suaird,iosuairdim@theguardian.com,Female,110.79.8.215
672,Pandora,Cajkler,pcajklerin@illinois.edu,Female,28.72.35.45
673,Dahlia,Wevell,dwevellio@about.com,Female,118.132.212.13
674,Micah,Gepheart,mgepheartip@github.com,Male,15.119.31.81
675,Guthrie,Jelley,gjelleyiq@pcworld.com,Male,48.50.124.121
676,Riva,Goldstone,rgoldstoneir@irs.gov,Female,172.66.119.245
677,Elia,Clucas,eclucasis@howstuffworks.com,Male,22.72.15.25
678,Harland,Luten,hlutenit@berkeley.edu,Male,234.164.140.149
679,Henriette,Bollam,hbollamiu@weather.com,Female,187.2.192.4
680,Morton,Storrs,mstorrsiv@amazon.com,Male,252.159.196.7
681,Filberto,Sheryne,fsheryneiw@java.com,Male,33.22.51.66
682,Bendicty,Blaksland,bblakslandix@google.it,Male,212.136.49.242
683,Ronny,Tournie,rtournieiy@seattletimes.com,Male,11.128.19.204
684,Guillema,Hawyes,ghawyesiz@wufoo.com,Female,40.88.28.26
685,Lelia,McCaskill,lmccaskillj0@delicious.com,Female,252.42.139.56
686,Nadeen,Bontein,nbonteinj1@theatlantic.com,Female,167.246.189.64
687,Britta,Wheildon,bwheildonj2@gizmodo.com,Female,152.42.189.138
688,Aida,Edon,aedonj3@yellowbook.com,Female,22.206.195.177
689,Phyllida,Aubin,paubinj4@chronoengine.com,Female,131.145.4.248
690,Wayland,Jeskin,wjeskinj5@google.fr,Male,119.225.226.40
691,Irving,Fydo,ifydoj6@blog.com,Male,5.223.188.36
692,Keven,Bootes,kbootesj7@dell.com,Male,28.254.22.42
693,Hans,Arrundale,harrundalej8@accuweather.com,Male,223.136.66.113
694,Isa,Barnard,ibarnardj9@ifeng.com,Female,97.104.110.154
695,Wells,Le Noury,wlenouryja@yolasite.com,Male,137.119.176.212
696,Gussie,Cosker,gcoskerjb@biglobe.ne.jp,Female,225.95.218.20
697,Cathee,Kinver,ckinverjc@earthlink.net,Female,208.216.140.165
698,Elden,Todhunter,etodhunterjd@diigo.com,Male,4.55.63.240
699,Ericha,Figures,efiguresje@google.nl,Genderfluid,209.214.80.43
700,Miner,Triswell,mtriswelljf@bbb.org,Male,59.10.16.72
701,Mindy,Bullas,mbullasjg@youtu.be,Female,43.177.69.122
702,Zebedee,Auld,zauldjh@dagondesign.com,Male,178.30.255.4
703,Millicent,Everix,meverixji@pen.io,Female,100.191.192.58
704,Aggi,Mompesson,amompessonjj@pinterest.com,Female,129.122.205.116
705,Illa,Emmott,iemmottjk@sun.com,Female,164.174.129.172
706,Dana,Tebb,dtebbjl@vistaprint.com,Female,178.120.48.207
707,Tobie,Ovid,tovidjm@amazon.co.uk,Male,240.8.200.240
708,Janetta,McFarlane,jmcfarlanejn@toplist.cz,Female,20.99.254.173
709,Waylen,Wharmby,wwharmbyjo@hc360.com,Male,46.188.97.131
710,Margaret,Gully,mgullyjp@sina.com.cn,Female,119.222.46.255
711,Allissa,Drescher,adrescherjq@discovery.com,Female,206.204.120.159
712,Kelwin,Boord,kboordjr@php.net,Male,69.26.141.109
713,Ernestus,Emlin,eemlinjs@globo.com,Genderqueer,186.115.72.49
714,Willi,Lobbe,wlobbejt@accuweather.com,Female,143.180.237.65
715,Hayden,Schultze,hschultzeju@w3.org,Male,20.77.137.233
716,Granger,Braniff,gbraniffjv@mtv.com,Male,187.133.208.217
717,Ebenezer,Hicklingbottom,ehicklingbottomjw@arstechnica.com,Male,84.82.108.216
718,Ignazio,Bille,ibillejx@blogtalkradio.com,Male,172.173.213.116
719,Georgie,Gotcher,ggotcherjy@businesswire.com,Polygender,157.5.172.21
720,Elysee,Dagon,edagonjz@ow.ly,Bigender,97.133.85.27
721,Garrot,Cornils,gcornilsk0@globo.com,Male,84.187.170.104
722,Benoite,Leming,blemingk1@businessweek.com,Female,148.47.253.165
723,Alanson,Alps,aalpsk2@ebay.com,Male,43.112.54.246
724,Keelby,Cosgrave,kcosgravek3@constantcontact.com,Male,150.68.248.246
725,Doll,Circuitt,dcircuittk4@google.com.br,Female,41.84.247.92
726,Steffane,O'Hone,sohonek5@github.io,Female,253.135.90.23
727,Algernon,Wrinch,awrinchk6@cbc.ca,Male,99.96.81.251
728,Rudolph,Southwick,rsouthwickk7@wordpress.com,Male,6.66.223.230
729,Nora,Turk,nturkk8@constantcontact.com,Female,245.14.234.180
730,Ariela,Brothwood,abrothwoodk9@noaa.gov,Female,79.9.13.209
731,Horatius,Ligertwood,hligertwoodka@taobao.com,Male,194.166.7.233
732,Sileas,Rosenvasser,srosenvasserkb@apple.com,Female,75.100.130.210
733,Estell,Grayne,egraynekc@webnode.com,Female,120.67.17.30
734,Kaia,Kearney,kkearneykd@ask.com,Female,247.211.128.134
735,Giacopo,Offener,goffenerke@buzzfeed.com,Male,154.156.208.38
736,Inesita,Ary,iarykf@seesaa.net,Female,4.108.60.71
737,Genvieve,Garrioch,ggarriochkg@dmoz.org,Female,90.48.195.81
738,Nanon,Angear,nangearkh@zdnet.com,Genderqueer,71.6.125.28
739,Jessalyn,Devote,jdevoteki@digg.com,Female,129.77.53.224
740,Barr,Brant,bbrantkj@sbwire.com,Male,252.215.242.37
741,Lewes,Benesevich,lbenesevichkk@latimes.com,Male,247.93.86.178
742,Marsha,Grundey,mgrundeykl@theatlantic.com,Female,122.66.241.20
743,Romola,Clail,rclailkm@opera.com,Female,179.243.177.166
744,Nelli,Pendlenton,npendlentonkn@liveinternet.ru,Polygender,1.112.104.71
745,Nil,Farrin,nfarrinko@typepad.com,Male,58.8.175.150
746,Wallace,Dumigan,wdumigankp@sfgate.com,Male,211.36.213.195
747,Christoforo,Aloway,calowaykq@elegantthemes.com,Male,104.29.163.55
748,Alexandros,Blaxley,ablaxleykr@squidoo.com,Male,34.241.15.118
749,Livvy,Erskin,lerskinks@macromedia.com,Female,77.30.196.117
750,Huberto,Cansdale,hcansdalekt@nymag.com,Male,94.183.95.22
751,Almire,Shitliffe,ashitliffeku@bigcartel.com,Female,194.77.113.233
752,Wittie,Firth,wfirthkv@dailymail.co.uk,Male,122.21.182.93
753,Beret,Beneix,bbeneixkw@scribd.com,Female,92.161.6.5
754,Ninnetta,Ahlin,nahlinkx@howstuffworks.com,Female,162.69.157.148
755,Daryn,Huddlestone,dhuddlestoneky@toplist.cz,Female,130.9.225.151
756,Gherardo,Bransby,gbransbykz@multiply.com,Male,142.211.69.83
757,Vivia,Jaycox,vjaycoxl0@businessinsider.com,Female,20.72.113.66
758,Sebastiano,Deschelle,sdeschellel1@bbc.co.uk,Male,128.58.149.164
759,Erin,Skitral,eskitrall2@aboutads.info,Male,55.177.237.13
760,Roseann,Derkes,rderkesl3@woothemes.com,Genderqueer,161.210.231.184
761,Clarke,Trippick,ctrippickl4@disqus.com,Genderfluid,13.53.58.203
762,Walden,Tumini,wtuminil5@mysql.com,Agender,5.18.53.116
763,Bud,Salan,bsalanl6@msn.com,Male,232.58.225.89
764,Hedda,Haywood,hhaywoodl7@goo.ne.jp,Female,177.221.245.243
765,Art,Douce,adoucel8@163.com,Male,168.236.242.146
766,Federica,Hursey,fhurseyl9@google.de,Female,27.96.34.42
767,Irena,Jacobovitch,ijacobovitchla@merriam-webster.com,Female,111.124.226.37
768,Rutger,Ridgewell,rridgewelllb@newyorker.com,Male,113.13.231.11
769,Gilbert,Fissenden,gfissendenlc@ask.com,Male,145.116.29.89
770,Lorinda,Purselow,lpurselowld@umich.edu,Female,87.112.79.210
771,Alidia,Folini,afolinile@aboutads.info,Female,249.229.86.174
772,Ruperta,Geraldini,rgeraldinilf@wp.com,Female,86.93.114.106
773,Beverly,Sanzio,bsanziolg@friendfeed.com,Female,237.199.1.0
774,Lennard,Greig,lgreiglh@theglobeandmail.com,Male,240.87.146.109
775,Beret,Keam,bkeamli@ning.com,Female,27.246.87.66
776,Valry,Laverock,vlaverocklj@sun.com,Female,141.104.204.56
777,Marten,Kleinhandler,mkleinhandlerlk@guardian.co.uk,Male,163.191.236.13
778,Kippie,Jacop,kjacopll@phpbb.com,Male,218.182.37.55
779,Kristel,Ingles,kingleslm@ucla.edu,Female,186.241.225.146
780,Rusty,Casham,rcashamln@tinyurl.com,Male,137.31.4.55
781,Sanders,Biernat,sbiernatlo@mayoclinic.com,Male,19.251.231.9
782,Roland,Hitzschke,rhitzschkelp@nba.com,Male,199.229.9.179
783,Nita,Chumley,nchumleylq@livejournal.com,Female,76.8.240.201
784,Milka,Sambath,msambathlr@un.org,Female,20.174.106.19
785,Berke,Latty,blattyls@github.com,Male,96.151.61.134
786,Kendell,Duffell,kduffelllt@chron.com,Male,129.56.110.174
787,Valida,Grayshon,vgrayshonlu@irs.gov,Female,76.253.245.11
788,Charmine,Arnholdt,carnholdtlv@sbwire.com,Female,146.95.84.195
789,Iseabal,Ackrill,iackrilllw@flickr.com,Female,152.182.220.28
790,Ermanno,Hanmer,ehanmerlx@zdnet.com,Male,169.214.182.51
791,Mellisent,Mulder,mmulderly@about.me,Female,19.117.163.233
792,Wilbur,Leyborne,wleybornelz@usda.gov,Male,171.89.10.78
793,Omar,Abbate,oabbatem0@walmart.com,Male,30.245.13.152
794,Alejandra,Ellacombe,aellacombem1@geocities.com,Female,79.61.187.247
795,Olympie,Christal,ochristalm2@mac.com,Female,242.127.102.244
796,Huntlee,Hampe,hhampem3@so-net.ne.jp,Male,108.249.91.73
797,Si,Kornyshev,skornyshevm4@altervista.org,Male,195.237.147.213
798,Daryl,Deniscke,ddenisckem5@arizona.edu,Male,89.91.42.149
799,Corby,Nasey,cnaseym6@w3.org,Male,89.77.51.71
800,Alexa,Brinsford,abrinsfordm7@alibaba.com,Female,86.235.163.116
801,Allard,Busfield,abusfieldm8@github.com,Male,132.120.82.207
802,Kalie,Matusovsky,kmatusovskym9@nymag.com,Bigender,152.83.201.216
803,Genevra,Chipman,gchipmanma@epa.gov,Female,8.121.38.248
804,Pembroke,Powney,ppowneymb@usa.gov,Male,128.26.162.214
805,Waly,Kadwallider,wkadwallidermc@google.fr,Female,35.16.126.232
806,Alecia,Weld,aweldmd@google.com,Bigender,105.24.92.26
807,Raeann,Backler,rbacklerme@google.cn,Female,237.0.163.191
808,Caldwell,Yukhnin,cyukhninmf@skype.com,Male,114.138.245.76
809,Nowell,Garlette,ngarlettemg@ted.com,Male,17.196.137.116
810,Dorette,Ousbie,dousbiemh@oaic.gov.au,Female,66.14.42.2
811,Berkley,Cristofor,bcristoformi@eepurl.com,Male,123.48.74.34
812,Leonerd,Rimington,lrimingtonmj@1und1.de,Male,230.6.44.100
813,Viki,Cadore,vcadoremk@howstuffworks.com,Female,230.96.134.44
814,Giustina,Macconachy,gmacconachyml@livejournal.com,Female,251.169.100.140
815,Minnaminnie,Bettaney,mbettaneymm@narod.ru,Female,2.249.193.1
816,Gerek,Debenham,gdebenhammn@php.net,Male,127.132.108.173
817,Cozmo,Dewick,cdewickmo@bloglovin.com,Male,181.146.121.210
818,Mord,Chetwynd,mchetwyndmp@google.cn,Male,53.142.178.104
819,Ethelind,Newberry,enewberrymq@drupal.org,Female,56.143.138.53
820,Vannie,Rosenau,vrosenaumr@addtoany.com,Female,206.215.73.240
821,Abram,Kornacki,akornackims@nydailynews.com,Male,178.51.198.193
822,Alyda,Rowett,arowettmt@shinystat.com,Female,222.114.253.57
823,Rosemonde,Slocom,rslocommu@4shared.com,Female,102.247.94.67
824,Vito,Paling,vpalingmv@ask.com,Male,235.207.151.14
825,Vasily,Cotton,vcottonmw@istockphoto.com,Male,93.175.85.73
826,Federico,Skaife d'Ingerthorpe,fskaifedingerthorpemx@google.es,Male,152.33.234.139
827,Aharon,Kidstoun,akidstounmy@home.pl,Male,145.224.183.241
828,Nyssa,Champion,nchampionmz@hud.gov,Female,177.94.146.213
829,Lissie,Drife,ldrifen0@nationalgeographic.com,Female,246.0.72.167
830,Sheffie,Gimber,sgimbern1@google.es,Male,110.16.33.99
831,Fidole,Cheevers,fcheeversn2@europa.eu,Male,255.64.132.210
832,Maegan,Chasemoore,mchasemooren3@wordpress.com,Female,37.127.209.193
833,Jenn,Ridgwell,jridgwelln4@woothemes.com,Polygender,81.6.149.230
834,Cody,Peepall,cpeepalln5@omniture.com,Male,9.154.106.53
835,Cindie,Wildman,cwildmann6@free.fr,Female,245.84.190.137
836,Norah,O'Fearguise,nofearguisen7@php.net,Female,58.26.1.150
837,Pacorro,Schwier,pschwiern8@nih.gov,Genderfluid,183.32.76.235
838,Merna,Spaven,mspavenn9@webeden.co.uk,Agender,211.45.225.126
839,Vanni,Pahlsson,vpahlssonna@netscape.com,Female,40.166.21.93
840,Jewelle,Guilloux,jguillouxnb@icio.us,Female,233.238.153.254
841,Terencio,Gumly,tgumlync@posterous.com,Male,253.155.174.19
842,Kial,Fisbey,kfisbeynd@xrea.com,Female,13.106.13.227
843,Kriste,Moules,kmoulesne@cmu.edu,Female,169.97.21.207
844,Marthena,Naerup,mnaerupnf@facebook.com,Female,223.32.114.211
845,Pall,Cescot,pcescotng@latimes.com,Male,29.63.248.62
846,Kory,MacDavitt,kmacdavittnh@rediff.com,Male,0.97.85.151
847,Adler,Fieldsend,afieldsendni@live.com,Male,44.49.91.229
848,Hube,Tink,htinknj@paypal.com,Male,243.250.248.198
849,Blythe,Lune,blunenk@mashable.com,Female,16.0.129.204
850,Lay,Skatcher,lskatchernl@hexun.com,Male,10.105.77.131
851,Gavrielle,Bramont,gbramontnm@msn.com,Female,194.107.183.145
852,Gelya,Stegel,gstegelnn@cnn.com,Female,214.179.32.18
853,Benedetta,Kilshall,bkilshallno@indiegogo.com,Female,115.4.105.196
854,Scott,Cluitt,scluittnp@gov.uk,Male,190.16.194.15
855,Carleen,Croote,ccrootenq@latimes.com,Female,93.29.168.188
856,Nikola,Narducci,nnarduccinr@sciencedaily.com,Male,82.253.216.212
857,Stevy,Nunes Nabarro,snunesnabarrons@goo.gl,Male,128.181.168.136
858,Davide,Baden,dbadennt@npr.org,Male,223.199.185.251
859,Alfi,Wycherley,awycherleynu@businesswire.com,Female,54.23.243.134
860,Chelsae,Arrigo,carrigonv@fema.gov,Female,74.130.207.191
861,Augy,Revie,arevienw@hexun.com,Male,207.20.171.86
862,Ferris,Abercromby,fabercrombynx@amazon.de,Male,105.80.76.157
863,Ashley,Thurlborn,athurlbornny@ask.com,Male,193.137.6.153
864,Ashlee,Ceaser,aceasernz@dion.ne.jp,Female,138.91.26.21
865,Faber,Wong,fwongo0@thetimes.co.uk,Male,122.169.100.3
866,Peirce,Baulch,pbaulcho1@technorati.com,Male,233.146.150.139
867,Brady,Van Niekerk,bvanniekerko2@miitbeian.gov.cn,Male,138.120.232.85
868,Gottfried,Hurch,ghurcho3@etsy.com,Male,102.6.18.122
869,Alexandros,Yve,ayveo4@joomla.org,Agender,87.236.235.62
870,Hugo,McEwen,hmceweno5@nbcnews.com,Male,192.218.22.71
871,Say,Soldi,ssoldio6@cnn.com,Male,62.171.210.165
872,Freddy,Vawton,fvawtono7@msn.com,Male,64.240.155.46
873,Wilfrid,Catlette,wcatletteo8@lycos.com,Male,59.10.133.185
874,Charita,Combe,ccombeo9@tuttocitta.it,Female,166.64.40.36
875,Annora,Wallage,awallageoa@blog.com,Female,205.203.159.126
876,Fenelia,Tassell,ftassellob@elegantthemes.com,Female,44.173.126.47
877,Ewart,Syrett,esyrettoc@mac.com,Male,131.87.51.142
878,Erek,Benesevich,ebenesevichod@chronoengine.com,Male,60.160.54.157
879,Erny,Avey,eaveyoe@narod.ru,Male,21.84.136.113
880,Logan,Jendrach,ljendrachof@tamu.edu,Male,143.45.204.176
881,Amelina,Scruton,ascrutonog@tumblr.com,Female,146.21.154.164
882,Florance,McCaughren,fmccaughrenoh@latimes.com,Female,166.111.137.121
883,Denney,Cowcha,dcowchaoi@diigo.com,Male,207.115.206.93
884,Korney,Daines,kdainesoj@acquirethisname.com,Female,147.114.178.30
885,Nicolle,Kinner,nkinnerok@hp.com,Female,10.16.6.204
886,Sydney,Quarlis,squarlisol@illinois.edu,Female,145.101.228.211
887,Nessie,Amery,nameryom@illinois.edu,Female,91.44.188.221
888,Fayina,Scawn,fscawnon@ning.com,Female,197.89.119.133
889,Juliann,Stoeckle,jstoeckleoo@1und1.de,Female,78.111.141.86
890,Vasily,Commuzzo,vcommuzzoop@google.com,Male,11.244.135.104
891,Ebenezer,Allderidge,eallderidgeoq@sakura.ne.jp,Male,107.156.154.172
892,Zebulen,Plimmer,zplimmeror@hugedomains.com,Polygender,59.34.156.186
893,Colan,Brimilcombe,cbrimilcombeos@google.fr,Male,66.209.232.18
894,Abbott,Schuh,aschuhot@jigsy.com,Male,73.54.29.0
895,Elbert,Boswell,eboswellou@bizjournals.com,Male,138.93.144.1
896,Cynthia,Ibberson,cibbersonov@quantcast.com,Female,204.75.183.84
897,Dulcinea,Pummery,dpummeryow@networkadvertising.org,Female,91.208.164.149
898,Milicent,Neathway,mneathwayox@marriott.com,Female,4.241.229.221
899,Shae,Stanwix,sstanwixoy@g.co,Male,54.202.195.28
900,Guillaume,McLeoid,gmcleoidoz@google.co.uk,Non-binary,140.180.247.25
901,Hersch,Coite,hcoitep0@rambler.ru,Male,216.240.241.170
902,Fowler,Livermore,flivermorep1@about.me,Male,119.140.191.100
903,Guinevere,Jasper,gjasperp2@google.com.hk,Polygender,190.152.249.129
904,Mozelle,Clelland,mclellandp3@wordpress.com,Bigender,173.51.147.7
905,Lucienne,Imbrey,limbreyp4@dagondesign.com,Female,225.158.113.166
906,Gris,Klisch,gklischp5@w3.org,Male,79.35.104.71
907,Florie,Fotherby,ffotherbyp6@hud.gov,Female,73.250.238.146
908,Guinevere,Ozintsev,gozintsevp7@home.pl,Female,141.177.115.98
909,Deloris,Chenery,dcheneryp8@bbc.co.uk,Female,213.197.73.181
910,Kinsley,Zorzenoni,kzorzenonip9@deviantart.com,Genderfluid,176.159.196.80
911,Gib,Ivashchenko,givashchenkopa@ycombinator.com,Male,47.144.223.74
912,Ellery,Dainton,edaintonpb@wp.com,Male,60.207.95.154
913,Andra,Golda,agoldapc@usatoday.com,Female,192.70.213.127
914,Gillan,Tolomei,gtolomeipd@cafepress.com,Female,188.12.94.117
915,Konrad,Cancelier,kcancelierpe@so-net.ne.jp,Male,34.123.66.151
916,Kennan,Torre,ktorrepf@hugedomains.com,Male,234.27.243.144
917,Audi,Denziloe,adenziloepg@opera.com,Female,69.127.141.44
918,Danielle,Goldston,dgoldstonph@purevolume.com,Female,148.19.194.245
919,Bendick,Hayton,bhaytonpi@behance.net,Male,58.17.92.206
920,Pattie,Matschoss,pmatschosspj@unesco.org,Male,95.34.168.58
921,Nickola,Grix,ngrixpk@list-manage.com,Male,185.79.97.231
922,Dari,Braven,dbravenpl@loc.gov,Female,116.181.210.32
923,Loutitia,Lardez,llardezpm@t.co,Female,199.122.92.112
924,Rayshell,Kohtler,rkohtlerpn@cnbc.com,Female,14.64.193.202
925,Sherwynd,Walbridge,swalbridgepo@irs.gov,Male,242.95.234.137
926,Sharon,Collins,scollinspp@devhub.com,Bigender,68.165.66.45
927,Fernando,Kondrachenko,fkondrachenkopq@loc.gov,Male,234.189.101.76
928,Mildrid,Lingard,mlingardpr@npr.org,Female,210.211.170.80
929,Reyna,Head,rheadps@mysql.com,Female,125.144.22.72
930,Nathanil,Geffinger,ngeffingerpt@phoca.cz,Male,192.169.149.165
931,Bernhard,Gibbon,bgibbonpu@tumblr.com,Polygender,72.162.226.207
932,Kacie,Cumberbatch,kcumberbatchpv@home.pl,Female,85.151.18.250
933,Alameda,Dawtrey,adawtreypw@tuttocitta.it,Female,30.93.41.189
934,Kendal,Bowdler,kbowdlerpx@typepad.com,Male,140.47.41.69
935,Levin,Trunchion,ltrunchionpy@ibm.com,Male,26.79.176.166
936,Violet,Edgecumbe,vedgecumbepz@ucsd.edu,Female,247.91.219.14
937,Devonna,Mulqueen,dmulqueenq0@surveymonkey.com,Female,197.24.165.59
938,Moselle,Ganiford,mganifordq1@angelfire.com,Female,166.161.207.25
939,Lilith,Vergine,lvergineq2@gravatar.com,Female,245.207.77.217
940,Shawna,Barz,sbarzq3@wordpress.org,Female,209.173.103.91
941,Eartha,Key,ekeyq4@indiatimes.com,Female,154.216.61.193
942,Minta,Dyzart,mdyzartq5@slideshare.net,Female,79.17.17.175
943,Jessy,Caldeiro,jcaldeiroq6@usa.gov,Female,189.168.60.159
944,Corey,Assender,cassenderq7@psu.edu,Female,216.251.23.44
945,Allyson,Andrzejak,aandrzejakq8@goo.gl,Female,55.150.166.57
946,Diandra,Iianon,diianonq9@issuu.com,Female,51.209.191.45
947,Bob,Bedle,bbedleqa@telegraph.co.uk,Male,137.144.115.83
948,Zach,Piletic,zpileticqb@ox.ac.uk,Male,127.16.176.32
949,Hedvige,Dineges,hdinegesqc@boston.com,Female,48.134.247.29
950,Benjamin,Bielfelt,bbielfeltqd@shareasale.com,Male,190.90.142.68
951,Tye,Callar,tcallarqe@oakley.com,Male,153.80.175.80
952,Alfonse,Gribbin,agribbinqf@senate.gov,Male,92.96.223.194
953,Malory,Cato,mcatoqg@reference.com,Female,164.74.225.60
954,Daniela,Spikings,dspikingsqh@wikia.com,Female,5.150.174.46
955,Derek,Standage,dstandageqi@census.gov,Male,202.119.111.70
956,Berrie,Revance,brevanceqj@mashable.com,Female,0.223.228.39
957,Giorgia,Di Francecshi,gdifrancecshiqk@businesswire.com,Female,81.222.157.223
958,Cynthy,Drummond,cdrummondql@nydailynews.com,Agender,136.238.102.237
959,Clarita,Lamburne,clamburneqm@51.la,Female,73.90.83.37
960,Tuesday,Scini,tsciniqn@prweb.com,Female,232.166.2.68
961,Elroy,Adelman,eadelmanqo@nifty.com,Male,147.70.16.101
962,Brynna,Belison,bbelisonqp@behance.net,Female,235.205.240.95
963,Bink,Charer,bcharerqq@dailymail.co.uk,Polygender,110.86.242.193
964,Mart,Downer,mdownerqr@tiny.cc,Male,99.148.116.185
965,Imogene,Garrat,igarratqs@furl.net,Female,176.102.30.218
966,Meredeth,Stienham,mstienhamqt@gnu.org,Male,43.120.82.134
967,Jude,MacLardie,jmaclardiequ@webs.com,Genderqueer,12.201.157.232
968,Alix,Rosen,arosenqv@jalbum.net,Male,250.197.250.243
969,Lizzie,Loverock,lloverockqw@clickbank.net,Female,195.154.147.148
970,Marquita,Hrinishin,mhrinishinqx@icio.us,Bigender,72.176.220.73
971,Colas,Ferrarini,cferrariniqy@blogtalkradio.com,Male,180.16.202.143
972,Herold,Scourge,hscourgeqz@ameblo.jp,Male,95.148.28.100
973,Ellary,Gilsthorpe,egilsthorper0@umich.edu,Male,83.113.196.116
974,Erskine,Maltster,emaltsterr1@barnesandnoble.com,Male,25.75.174.61
975,Sig,De la Harpe,sdelaharper2@tinypic.com,Male,109.70.93.149
976,Maurie,Raraty,mraratyr3@ning.com,Male,236.137.5.147
977,Artemas,Grogan,agroganr4@chronoengine.com,Male,172.191.163.175
978,Mariquilla,Warwicker,mwarwickerr5@tripod.com,Female,127.124.82.107
979,Mort,Roth,mrothr6@bloglovin.com,Male,117.162.109.102
980,Ilse,Gillespie,igillespier7@dailymail.co.uk,Female,146.51.53.254
981,Stu,Lednor,slednorr8@geocities.jp,Male,196.89.128.67
982,Chiarra,Twigg,ctwiggr9@live.com,Polygender,18.188.232.99
983,Fan,Land,flandra@mozilla.com,Female,72.38.51.97
984,Abbey,Bartol,abartolrb@nba.com,Female,157.215.212.221
985,Antin,Guillford,aguillfordrc@archive.org,Male,83.243.113.179
986,Raynell,Jelks,rjelksrd@hp.com,Bigender,104.7.212.244
987,Ramona,Hoyte,rhoytere@oaic.gov.au,Genderfluid,125.36.100.8
988,Daphna,Bicheno,dbichenorf@wordpress.org,Female,177.0.142.167
989,Helena,Gage,hgagerg@meetup.com,Female,217.194.34.73
990,Shandee,Oseman,sosemanrh@youtu.be,Female,13.115.22.31
991,Katherine,Lowne,klowneri@ucla.edu,Female,112.25.52.163
992,Brynna,Goulston,bgoulstonrj@tinypic.com,Female,22.221.211.53
993,Indira,Cocci,icoccirk@samsung.com,Female,135.195.74.27
994,Meredith,Berfoot,mberfootrl@shutterfly.com,Male,83.241.247.86
995,Aeriell,Bidwell,abidwellrm@skyrock.com,Genderqueer,76.220.23.101
996,Marcellus,Lakeland,mlakelandrn@odnoklassniki.ru,Male,34.222.113.67
997,Eleanor,MacCard,emaccardro@wiley.com,Female,199.132.73.72
998,Wilmer,Visco,wviscorp@amazon.com,Male,68.128.7.4
999,Demetrius,Welchman,dwelchmanrq@naver.com,Male,36.73.1.179
1000,Rip,Millichap,rmillichaprr@etsy.com,Non-binary,152.163.45.111